{"overall": {"correct": 368, "total": 643, "acc": 0.5723172628304821}, "Q1": {"correct": 49, "total": 70, "acc": 0.7}, "Q2": {"correct": 76, "total": 93, "acc": 0.8172043010752689}, "Q3": {"correct": 26, "total": 39, "acc": 0.6666666666666666}, "Q4": {"correct": 32, "total": 91, "acc": 0.3516483516483517}, "Q5": {"correct": 24, "total": 41, "acc": 0.5853658536585366}, "Q6": {"correct": 35, "total": 60, "acc": 0.5833333333333334}, "Q8": {"correct": 38, "total": 76, "acc": 0.5}, "Q7": {"correct": 88, "total": 173, "acc": 0.5086705202312138}}