{
  "egoexo_ego": {
    "overall": {
      "correct": 385,
      "total": 764,
      "acc": 0.5039267015706806
    },
    "Q1": {
      "correct": 57,
      "total": 88,
      "acc": 0.6477272727272727
    },
    "Q2": {
      "correct": 45,
      "total": 80,
      "acc": 0.5625
    },
    "Q3": {
      "correct": 34,
      "total": 52,
      "acc": 0.6538461538461539
    },
    "Q4": {
      "correct": 72,
      "total": 192,
      "acc": 0.375
    },
    "Q5": {
      "correct": 43,
      "total": 70,
      "acc": 0.6142857142857143
    },
    "Q6": {
      "correct": 63,
      "total": 126,
      "acc": 0.5
    },
    "Q8": {
      "correct": 71,
      "total": 156,
      "acc": 0.4551282051282051
    }
  },
  "lemma_ego": {
    "overall": {
      "correct": 814,
      "total": 1824,
      "acc": 0.44627192982456143
    },
    "Q1": {
      "correct": 77,
      "total": 198,
      "acc": 0.3888888888888889
    },
    "Q2": {
      "correct": 155,
      "total": 291,
      "acc": 0.5326460481099656
    },
    "Q3": {
      "correct": 59,
      "total": 104,
      "acc": 0.5673076923076923
    },
    "Q4": {
      "correct": 71,
      "total": 193,
      "acc": 0.36787564766839376
    },
    "Q5": {
      "correct": 40,
      "total": 94,
      "acc": 0.425531914893617
    },
    "Q6": {
      "correct": 45,
      "total": 114,
      "acc": 0.39473684210526316
    },
    "Q7": {
      "correct": 323,
      "total": 683,
      "acc": 0.47291361639824303
    },
    "Q8": {
      "correct": 44,
      "total": 147,
      "acc": 0.29931972789115646
    }
  }
}