{
  "overall": {
    "correct": 328,
    "total": 647,
    "acc": 0.5069551777434312
  },
  "Q1": {
    "correct": 42,
    "total": 71,
    "acc": 0.5915492957746479
  },
  "Q2": {
    "correct": 64,
    "total": 93,
    "acc": 0.6881720430107527
  },
  "Q3": {
    "correct": 26,
    "total": 39,
    "acc": 0.6666666666666666
  },
  "Q4": {
    "correct": 32,
    "total": 91,
    "acc": 0.3516483516483517
  },
  "Q5": {
    "correct": 20,
    "total": 41,
    "acc": 0.4878048780487805
  },
  "Q6": {
    "correct": 27,
    "total": 60,
    "acc": 0.45
  },
  "Q7": {
    "correct": 83,
    "total": 176,
    "acc": 0.4715909090909091
  },
  "Q8": {
    "correct": 34,
    "total": 76,
    "acc": 0.4473684210526316
  }
}