{
  "overall": {
    "correct": 345,
    "total": 647,
    "acc": 0.5332302936630603
  },
  "Q1": {
    "correct": 40,
    "total": 72,
    "acc": 0.5555555555555556
  },
  "Q2": {
    "correct": 72,
    "total": 93,
    "acc": 0.7741935483870968
  },
  "Q3": {
    "correct": 23,
    "total": 39,
    "acc": 0.5897435897435898
  },
  "Q4": {
    "correct": 39,
    "total": 101,
    "acc": 0.38613861386138615
  },
  "Q5": {
    "correct": 28,
    "total": 40,
    "acc": 0.7
  },
  "Q6": {
    "correct": 28,
    "total": 60,
    "acc": 0.4666666666666667
  },
  "Q7": {
    "correct": 83,
    "total": 167,
    "acc": 0.49700598802395207
  },
  "Q8": {
    "correct": 32,
    "total": 75,
    "acc": 0.4266666666666667
  }
}