{
  "egoexo_multi": {
    "overall": {
      "correct": 391,
      "total": 764,
      "acc": 0.5117801047120419
    },
    "Q1": {
      "correct": 66,
      "total": 88,
      "acc": 0.75
    },
    "Q2": {
      "correct": 61,
      "total": 80,
      "acc": 0.7625
    },
    "Q3": {
      "correct": 39,
      "total": 52,
      "acc": 0.75
    },
    "Q4": {
      "correct": 56,
      "total": 192,
      "acc": 0.2916666666666667
    },
    "Q5": {
      "correct": 40,
      "total": 70,
      "acc": 0.5714285714285714
    },
    "Q6": {
      "correct": 57,
      "total": 126,
      "acc": 0.4523809523809524
    },
    "Q8": {
      "correct": 72,
      "total": 156,
      "acc": 0.46153846153846156
    }
  },
  "lemma_multi": {
    "overall": {
      "correct": 837,
      "total": 1824,
      "acc": 0.4588815789473684
    },
    "Q1": {
      "correct": 87,
      "total": 198,
      "acc": 0.4393939393939394
    },
    "Q2": {
      "correct": 183,
      "total": 291,
      "acc": 0.6288659793814433
    },
    "Q3": {
      "correct": 56,
      "total": 104,
      "acc": 0.5384615384615384
    },
    "Q4": {
      "correct": 72,
      "total": 193,
      "acc": 0.37305699481865284
    },
    "Q5": {
      "correct": 49,
      "total": 94,
      "acc": 0.5212765957446809
    },
    "Q6": {
      "correct": 55,
      "total": 114,
      "acc": 0.4824561403508772
    },
    "Q7": {
      "correct": 286,
      "total": 683,
      "acc": 0.41874084919472915
    },
    "Q8": {
      "correct": 49,
      "total": 147,
      "acc": 0.3333333333333333
    }
  }
}