{
  "egoexo_exo": {
    "overall": {
      "correct": 370,
      "total": 764,
      "acc": 0.48429319371727747
    },
    "Q1": {
      "correct": 59,
      "total": 88,
      "acc": 0.6704545454545454
    },
    "Q2": {
      "correct": 64,
      "total": 80,
      "acc": 0.8
    },
    "Q3": {
      "correct": 38,
      "total": 52,
      "acc": 0.7307692307692307
    },
    "Q4": {
      "correct": 61,
      "total": 192,
      "acc": 0.3177083333333333
    },
    "Q5": {
      "correct": 36,
      "total": 70,
      "acc": 0.5142857142857142
    },
    "Q6": {
      "correct": 50,
      "total": 126,
      "acc": 0.3968253968253968
    },
    "Q8": {
      "correct": 62,
      "total": 156,
      "acc": 0.3974358974358974
    }
  },
  "lemma_exo": {
    "overall": {
      "correct": 779,
      "total": 1824,
      "acc": 0.4270833333333333
    },
    "Q1": {
      "correct": 81,
      "total": 198,
      "acc": 0.4090909090909091
    },
    "Q2": {
      "correct": 183,
      "total": 291,
      "acc": 0.6288659793814433
    },
    "Q3": {
      "correct": 48,
      "total": 104,
      "acc": 0.46153846153846156
    },
    "Q4": {
      "correct": 59,
      "total": 193,
      "acc": 0.30569948186528495
    },
    "Q5": {
      "correct": 44,
      "total": 94,
      "acc": 0.46808510638297873
    },
    "Q6": {
      "correct": 48,
      "total": 114,
      "acc": 0.42105263157894735
    },
    "Q7": {
      "correct": 272,
      "total": 683,
      "acc": 0.39824304538799415
    },
    "Q8": {
      "correct": 44,
      "total": 147,
      "acc": 0.29931972789115646
    }
  }
}