{"overall": {"correct": 357, "total": 640, "acc": 0.5578125}, "Q1": {"correct": 49, "total": 70, "acc": 0.7}, "Q2": {"correct": 66, "total": 91, "acc": 0.7252747252747253}, "Q3": {"correct": 22, "total": 39, "acc": 0.5641025641025641}, "Q4": {"correct": 25, "total": 88, "acc": 0.2840909090909091}, "Q5": {"correct": 24, "total": 42, "acc": 0.5714285714285714}, "Q6": {"correct": 36, "total": 60, "acc": 0.6}, "Q8": {"correct": 38, "total": 77, "acc": 0.4935064935064935}, "Q7": {"correct": 97, "total": 173, "acc": 0.5606936416184971}}