{"overall": {"correct": 363, "total": 642, "acc": 0.5654205607476636}, "Q1": {"correct": 59, "total": 72, "acc": 0.8194444444444444}, "Q2": {"correct": 73, "total": 92, "acc": 0.7934782608695652}, "Q3": {"correct": 28, "total": 39, "acc": 0.717948717948718}, "Q4": {"correct": 42, "total": 101, "acc": 0.4158415841584158}, "Q5": {"correct": 24, "total": 40, "acc": 0.6}, "Q6": {"correct": 26, "total": 60, "acc": 0.43333333333333335}, "Q8": {"correct": 27, "total": 74, "acc": 0.36486486486486486}, "Q7": {"correct": 84, "total": 164, "acc": 0.5121951219512195}}