{
  "overall": {
    "correct": 351,
    "total": 647,
    "acc": 0.5425038639876353
  },
  "Q1": {
    "correct": 44,
    "total": 72,
    "acc": 0.6111111111111112
  },
  "Q2": {
    "correct": 74,
    "total": 93,
    "acc": 0.7956989247311828
  },
  "Q3": {
    "correct": 25,
    "total": 39,
    "acc": 0.6410256410256411
  },
  "Q4": {
    "correct": 34,
    "total": 103,
    "acc": 0.3300970873786408
  },
  "Q5": {
    "correct": 24,
    "total": 41,
    "acc": 0.5853658536585366
  },
  "Q6": {
    "correct": 37,
    "total": 60,
    "acc": 0.6166666666666667
  },
  "Q7": {
    "correct": 75,
    "total": 164,
    "acc": 0.4573170731707317
  },
  "Q8": {
    "correct": 38,
    "total": 75,
    "acc": 0.5066666666666667
  }
}