{
  "overall": {
    "correct": 366,
    "total": 647,
    "acc": 0.5656877897990726
  },
  "Q1": {
    "correct": 49,
    "total": 72,
    "acc": 0.6805555555555556
  },
  "Q2": {
    "correct": 69,
    "total": 93,
    "acc": 0.7419354838709677
  },
  "Q3": {
    "correct": 27,
    "total": 39,
    "acc": 0.6923076923076923
  },
  "Q4": {
    "correct": 42,
    "total": 103,
    "acc": 0.4077669902912621
  },
  "Q5": {
    "correct": 27,
    "total": 41,
    "acc": 0.6585365853658537
  },
  "Q6": {
    "correct": 33,
    "total": 60,
    "acc": 0.55
  },
  "Q7": {
    "correct": 79,
    "total": 164,
    "acc": 0.4817073170731707
  },
  "Q8": {
    "correct": 40,
    "total": 75,
    "acc": 0.5333333333333333
  }
}