{
  "overall": {
    "correct": 335,
    "total": 647,
    "acc": 0.517774343122102
  },
  "Q1": {
    "correct": 45,
    "total": 71,
    "acc": 0.6338028169014085
  },
  "Q2": {
    "correct": 60,
    "total": 92,
    "acc": 0.6521739130434783
  },
  "Q3": {
    "correct": 26,
    "total": 39,
    "acc": 0.6666666666666666
  },
  "Q4": {
    "correct": 27,
    "total": 90,
    "acc": 0.3
  },
  "Q5": {
    "correct": 23,
    "total": 42,
    "acc": 0.5476190476190477
  },
  "Q6": {
    "correct": 32,
    "total": 60,
    "acc": 0.5333333333333333
  },
  "Q7": {
    "correct": 86,
    "total": 176,
    "acc": 0.48863636363636365
  },
  "Q8": {
    "correct": 36,
    "total": 77,
    "acc": 0.4675324675324675
  }
}